x,T_Cu_outer,T_PTFE,T_Cu_inner,dT,T_average
0.0,293.0,293.0,293.0,0.0,293.0
0.011366666666666667,289.3259387229493,289.3259667428642,289.32594385249394,5.129544661031105e-06,289.3259497727691
0.022733333333333335,285.6547834717499,285.6548128246237,285.654791786096,8.31434607562187e-06,285.65479602748985
0.034100000000000005,281.98656769368336,281.98659800605293,281.98657803049554,1.0336812181321875e-05,281.98658124341057
0.04546666666666667,278.32132628384056,278.32135747213306,278.3213379626312,1.1678790656333149e-05,278.3213405728683
0.05683333333333333,274.6590956601569,274.6591277222956,274.65910829044213,1.2630285254999762e-05,274.65911055763155
0.06820000000000001,270.999913888425,270.9999468714056,270.9999272544786,1.3366053622121399e-05,270.9999293381031
0.07956666666666667,267.3438208288113,267.3438548098132,267.34383482041653,1.3991605214869196e-05,267.34383681968035
0.09093333333333334,263.6908583034903,263.69089337855854,263.6908728742983,1.4570807991276524e-05,263.6908748521157
0.1023,260.04107028632296,260.0411065636004,260.0410854287995,1.5142476513574366e-05,260.04108742624095
0.11366666666666667,256.39450311634926,256.3945407120505,256.3945188466983,1.5730349048226344e-05,256.39452089169936
0.12503333333333333,252.75120573752997,252.75124477357517,252.75122208662503,1.634909506265103e-05,252.75122419924338
0.13640000000000002,249.11122996776857,249.11127057042887,249.1112469757109,1.7007942346936034e-05,249.11124917130275
0.14776666666666669,245.47463080082164,245.47467309998646,245.47464851368994,1.771286829921337e-05,245.47465080483266
0.15913333333333335,241.84146674530723,241.84151087414443,241.8414852132385,1.8467931283794314e-05,241.84148761089673
0.1705,238.21180020567633,238.21184630054688,238.2118194817604,1.9276084060493304e-05,238.2118219959945
0.18186666666666668,234.58569791074342,234.58574611129376,234.58571805041976,2.0139676337294077e-05,234.58572069081896
0.19323333333333334,230.96323139620196,230.96328184558985,230.96325245697534,2.1060773377712394e-05,230.9632552329224
0.2046,227.34447754850228,227.344530393733,227.34449958986724,2.204136495720377e-05,227.34450251070086
0.21596666666666667,223.72951921855525,223.72957461092392,223.72954230206778,2.3083512530774897e-05,223.7295453771823
0.22733333333333333,220.11844591498823,220.11850401062645,220.11847010445263,2.418946439775027e-05,220.11847334335576
0.23870000000000002,216.5113545881259,216.51141554866558,216.51137994988443,2.5361758531516898e-05,216.5113833622253
0.25006666666666666,212.90835051754692,212.90841451091538,212.90837712087526,2.660332833670509e-05,212.90838071644583
0.26143333333333335,209.30954831800426,209.3096155193711,209.309576235629,2.7917624748852177e-05,209.3095800243348
0.27280000000000004,205.7150730807363,205.71514367364335,205.71510238950586,2.9308769569524884e-05,205.7151063812952
0.2841666666666667,202.1250616697839,202.12513584749198,202.12509245154325,3.0781759363662786e-05,202.125096656273
0.29553333333333337,198.5396641959187,198.53974216302169,198.53969653866722,3.2342748511382524e-05,198.5397009658692
0.3069,194.95904569423752,194.95912766860636,194.9590796936904,3.3999452881516845e-05,194.95908435217808
0.3182666666666667,191.38338803545642,191.38347425059888,191.38342379719376,3.576173733677024e-05,191.38342869441635
0.32963333333333333,187.81289210551245,187.81298281346602,187.81292974799885,3.764248640436563e-05,187.81293488899246
0.341,184.24778029333186,184.24787576825472,184.2478199522414,3.965890954304996e-05,184.2478253379427
0.35236666666666666,180.68829933262913,180.68839987532405,180.68834116714766,4.1834518526684406e-05,180.68834679170027
0.36373333333333335,177.1347235504381,177.13482949414995,177.13476775257877,4.420214065703476e-05,177.13477359905562
0.37510000000000004,173.58735858281813,173.58747030080377,173.58740539135064,4.680853251670669e-05,173.58741142499085
0.3864666666666667,170.04654562687145,170.04666354248496,170.04659534833712,4.9721465671836995e-05,170.04660150589785
0.39783333333333337,166.51266630788064,166.5127909082808,166.51271934850303,5.304062239019913e-05,166.5127255215548
0.4092,162.9861482509827,162.98628010612862,162.986205165338,5.6914355297976726e-05,162.98621117414976
0.4205666666666667,159.46747145822417,159.46761124767067,159.4675330236737,6.156544952773402e-05,159.46753857652283
0.43193333333333334,155.9571756038273,155.95732415510926,155.95724293449348,6.73306661838069e-05,155.9572475644767
0.4433,152.45586837259015,152.45602671692194,152.45594309390648,7.472131633790013e-05,152.4559460611395
0.45466666666666666,148.9642349777962,148.9644044317186,148.96431949359902,8.45158028255355e-05,148.96431963437126
0.46603333333333335,145.4830490046757,145.4832312906421,145.48314690523324,9.790055753455817e-05,145.48314240018368
0.47740000000000005,142.01318473160754,142.01338215699613,142.01330141550994,0.00011668390240515691,142.01328943470452
0.4887666666666667,138.55563108137267,138.55584680503767,138.55577470059953,0.00014361922686134676,138.55575086233662
0.5001333333333333,135.11150734530645,135.11174577494188,135.1116902363979,0.0001828910914412063,135.11164778554874
0.5115000000000001,131.68208079920555,131.68234818347804,131.6823216418166,0.0002408426110491746,131.68225020816672
0.5228666666666667,128.2687862846559,128.26909159398946,128.269113342237,0.000327057581102963,128.26899707362745
0.5342333333333333,124.87324775426057,124.87360398702823,124.87370371423627,0.00045595997569591873,124.87351848517503
0.5456000000000001,121.49730166286426,121.49772777442334,121.49795082399837,0.0006491611341061798,121.49766008709533
0.5569666666666667,118.14302191558005,118.14354565231433,118.14396079192089,0.0009388763408395562,118.14350945327176
0.5683333333333334,114.8127458414184,114.81340787834883,114.81411869434959,0.0013728529311833881,114.81342413803893
0.5797,111.50910033187427,111.50996026929658,111.51112173792613,0.0020214060518668475,111.51006077969899
0.5910666666666667,108.23502685194526,108.2361718332686,108.23801419961897,0.0029873476737094506,108.23640429494426
0.6024333333333334,104.99380348804952,104.99536046595968,104.99822330389955,0.0044198158500279305,104.99579575263624
0.6138,101.78906154820123,101.7912145545116,101.79559479984043,0.0065332516391976014,101.79195696751776
0.6251666666666666,98.62479350374218,98.62780766788597,98.63442650740883,0.009633003666650097,98.62900922634566
0.6365333333333334,95.50534832535348,95.50960282378028,95.5194975452765,0.014149219923012879,95.51148289813673
0.6479,92.4354096363069,92.44144220977614,92.45609038505516,0.02068074874826209,92.44431407704606
0.6592666666666667,89.41995176034521,89.42851785798766,89.4500023988482,0.03005063850298484,89.43282400572703
0.6706333333333334,86.46416891403388,86.47631884344412,86.50754334005691,0.04337442602303554,86.48267703251163
0.682,83.5733737466138,83.59055135212222,83.63551545277531,0.062141706161511934,83.59981351717043
0.6933666666666667,80.75286339416687,80.77702969187844,80.8411739331633,0.08831053899643848,80.79035567306954
0.7047333333333333,78.00775428842248,78.04153915378362,78.13216757342751,0.12441328500503346,78.0604870052112
0.7161000000000001,75.34279099479633,75.38967552736692,75.51646284318186,0.17367184838552419,75.41630978844836
0.7274666666666667,72.7621388577736,72.82667068446044,73.00225945227126,0.24012059449765388,72.8636896648351
0.7388333333333333,70.2691743625612,70.3572182882425,70.5979113336405,0.32873697107929445,70.40810132814806
0.7502000000000001,67.86628982374445,67.98531742454591,68.31187337334681,0.445583549602361,68.05449354054572
0.7615666666666667,65.55472930259026,65.71415385894703,66.15270025841036,0.5979709558201023,65.80719447331589
0.7729333333333334,63.33446999091371,63.54603812599995,64.12912879138966,0.7946588004759505,63.669878969434436
0.7843,61.20415785928732,61.482417015216534,62.25027886508049,1.046121005793168,61.64561791319478
0.7956666666666667,59.16109908672382,59.523986248961776,60.52601216000801,1.3649130732841854,59.73703249856453
0.8070333333333334,57.201300277952626,57.67295437162097,58.967492981045936,1.76619270309331,57.94724921020651
0.8184,55.70779372336454,56.20890093441388,57.5878245187031,1.8800307953385627,56.50150639216051
0.8297666666666668,54.54547411834073,55.03358629414029,56.37897933997294,1.8335052216322154,55.31934658415132
0.8411333333333334,53.623714953061,54.075883469686474,55.32380024836603,1.7000852953050298,54.34113289037117
0.8525,52.87954674462636,53.284199282785366,54.402194296229446,1.522647551603086,53.52198010788039
0.8638666666666667,52.267754857586226,52.61999034166247,53.59410499456627,1.3263501369800466,52.827283397938324
0.8752333333333334,51.75483326747607,52.05366820968116,52.88082822259694,1.1259949551208663,52.229776566584725
0.8866,51.315155409226556,51.56191849602615,52.24550229295784,0.930346883731282,51.70752539940351
0.8979666666666667,50.92845891271217,51.12588064500281,51.673207767612595,0.744748854900422,51.24251577510919
0.9093333333333333,50.578130664461526,50.72974108628572,51.15090404888653,0.5727733844250054,50.81959193321126
0.9207000000000001,50.22569717392639,50.34256864434445,50.66732986276933,0.4416326888429367,50.41186522701339
0.9320666666666667,49.872778760466076,49.96309564088804,50.214113214563106,0.34133445409703,50.01666253863907
0.9434333333333333,49.52057970037018,49.59053980283953,49.78499602623024,0.26441632586006136,49.63203850981331
0.9548000000000001,49.16999222210329,49.22430603135926,49.375271242704635,0.2052790206013455,49.256523165389055
0.9661666666666667,48.82167395053564,48.86393256031449,48.98137793093406,0.15970398039841882,48.888994813928065
0.9775333333333334,48.47610577416442,48.50905457477136,48.60060722525336,0.12450145108894617,48.52858919139638
0.9889,48.13363519381009,48.15937847823571,48.23088701477302,0.09725182096292428,48.17463356227294
1.0002666666666666,47.79450887382058,47.814663459590186,47.870623194777096,0.07611432095651338,47.82659850939596
1.0116333333333334,47.458897142305226,47.474708149487675,47.51858193545942,0.05968479315419728,47.4840624090841
1.0230000000000001,47.126912473628416,47.13934087472571,47.17380193194907,0.046889458320656274,47.1466850934344
1.0343666666666667,46.798623462417,46.80841248696214,46.83552871710836,0.03690525469136219,46.8141882221625
1.0457333333333334,46.47406541220075,46.48179105248195,46.503165303495294,0.0290998912945426,46.48634058939266
1.0571000000000002,46.15324837643386,46.159357899256335,46.17623497068803,0.02298659425417071,46.162947082126074
1.0684666666666667,45.83616327818784,45.841004661311246,45.85435312487513,0.018189846687292288,45.843840354791396
1.0798333333333334,45.52278657773596,45.526631060527855,45.53720596067626,0.014419382940303649,45.52887453298002
1.0912000000000002,45.21308384030958,45.21614323661333,45.224534240173384,0.01145039986380425,45.217920439032085
1.1025666666666667,44.90701246905358,44.909452486366916,44.91612093306229,0.009108464008704686,44.910861962827596
1.1139333333333334,44.604523802969645,44.606474309681715,44.6117817780719,0.007257975102255898,44.60759329690775
1.1253,44.30556473075728,44.30712768612338,44.31135806007675,0.0057933293194665225,44.308016825652466
1.1366666666666667,44.010078934769474,44.011334525265156,44.01471107161619,0.0046321368467161506,44.012041510550276
1.1480333333333335,43.71800785170024,43.71901924821631,43.72171785767899,0.003710005978746267,43.71958165253184
1.1594,43.4292914158234,43.430108468349076,43.43226794011328,0.0029765242898776023,43.43055594142858
1.1707666666666667,43.143868634897466,43.14453074710458,43.14626079128953,0.002392156392062361,43.14488672443052
1.1821333333333335,42.861678036973814,42.86221640664807,42.86360388184922,0.0019258448754086999,42.8624994418237
1.1935,42.58265801734294,42.58309738556751,42.58421116907423,0.0015531517312865617,42.58332219066156
1.2048666666666668,42.306747108018925,42.30710712714131,42.308001923986936,0.0012548159680108029,42.30728538638239
1.2162333333333335,42.03388418696318,42.03418049221847,42.03489981925178,0.001015632288599022,42.034321499477805
1.2276,41.76400864028672,41.76425369066153,41.764832218168905,0.0008235778821870099,41.764364849705714
1.2389666666666668,41.497060487645086,41.49726422674895,41.497729618933434,0.0006691312883475575,41.49735144444249
1.2503333333333333,41.23298047872566,41.23315085503566,41.2335252189314,0.0005447402057399131,41.23321885089757
1.2617,40.97171016695373,40.971853544007764,40.97215457194898,0.0004444049952496698,40.971906094303485
1.2730666666666668,40.71319196518121,40.713313445508845,40.713555317381264,0.0003633522000541234,40.71335357602377
1.2844333333333333,40.45736918707351,40.4574728684025,40.45766696529215,0.00029777821863774534,40.45750300692272
1.2958,40.204186077101795,40.20427525531065,40.2044307248408,0.00024464773900234604,40.20429735241775
1.3071666666666668,39.953587831422794,39.953665161552465,39.95378936641039,0.0002015349875961192,39.95368078646188
1.3185333333333333,39.705520611444214,39.70558823562787,39.70568710995022,0.0001664985060045865,39.70559865234077
1.3299,39.45993155149789,39.459991200756434,39.46006953372159,0.0001379822236984296,39.45999742865863
1.3412666666666668,39.21676876175019,39.216821837111006,39.216883498937136,0.00011473718694787749,39.21682469926611
1.3526333333333334,38.97598132725042,38.97602896448313,38.97607708678915,9.57595387234278e-05,38.97602912617423
1.364,38.7375193038394,38.73756242519086,38.73759954514211,8.024130271166996e-05,38.737560424724116
1.3753666666666668,38.5013337114993,38.50137306709766,38.50140124277077,6.7531271469079e-05,38.50136934045591
1.3867333333333334,38.26737652561565,38.26741272665248,38.26743362949493,5.710387927848615e-05,38.26740762725435
1.3981000000000001,38.03560066653422,38.03563421189432,38.03564920092855,4.8534394331056774e-05,38.03562802645236
1.4094666666666666,37.80595998772635,37.805991285388174,37.806001466846055,4.147911970875384e-05,37.80598424665352
1.4208333333333334,37.5784092628204,37.5784386470773,37.57844492238991,3.565956951234739e-05,37.578430944095864
1.4322000000000001,37.35290417171274,37.35293191704962,37.352935021517766,3.084980502876533e-05,37.352923703426704
1.4435666666666667,37.1294012859359,37.12942761822566,37.12942815222143,2.686628553050241e-05,37.12941901879433
1.4549333333333334,36.90785805343225,36.90788315898136,36.907881613156405,2.3559724155575168e-05,36.907874275190004
1.4663000000000002,36.68823278285823,36.68825681572429,36.68825359140166,2.0808543432337956e-05,36.68824772999472
1.4776666666666667,36.470484627524726,36.47050771544341,36.47050314113439,1.851360966043103e-05,36.47049849470084
1.4890333333333334,36.25457356906324,36.254595818255254,36.254590163053976,1.6593990736168962e-05,36.25458651679082
1.5004000000000002,36.04046040089422,36.040481899968626,36.04047538442826,1.4983534043722102e-05,36.0404725617637
1.5117666666666667,35.82810671156314,35.828127534690914,35.828120339665574,1.362810243676904e-05,35.828118195306544
1.5231333333333335,35.617474868000414,35.61749507749791,35.61748735133926,1.24833388426282e-05,35.61748576561252
1.5345,35.40852799875338,35.40854764718794,35.40853951160977,1.1512856389117587e-05,35.40853838585036
1.5458666666666667,35.20122997723217,35.20124910914038,35.20124066400318,1.0686771013013185e-05,35.201239916791906
1.5572333333333335,34.995545405005345,34.99556405829704,34.99555538551584,9.980510498053263e-06,34.995554949606074
1.5686,34.79143959517626,34.79145780228284,34.791448969022824,9.373846566518296e-06,34.79144878882731
1.5799666666666667,34.58887855586701,34.588896344682176,34.588887405974425,8.85010741313863e-06,34.58888743550787
1.5913333333333335,34.38782897383301,34.387846368483956,34.3878373693693,8.39553629106149e-06,34.387837570562084
1.6027,34.188258198227786,34.188275219708586,34.188266196996146,7.998768360550912e-06,34.18826653831084
1.6140666666666668,33.99013422453509,33.990150891227344,33.99014187493884,7.650403752279544e-06,33.99014233023375
1.6254333333333335,33.793425678682695,33.79344200678389,33.793433021341116,7.342658420839143e-06,33.793433568935896
1.6368,33.598101801349856,33.59811780522665,33.598108870428455,7.069078598931355e-06,33.598109492334984
1.6481666666666668,33.40413243247869,33.404148124958276,33.40413925678552,6.824306829855686e-06,33.40413993807417
1.6595333333333335,33.211487995997686,33.21150338860864,33.21149459988783,6.603890142287128e-06,33.211495328164716
1.6709,33.0201394847643,33.02015458793582,33.020145888886816,6.404122515846211e-06,33.02014665386231
1.6822666666666668,32.83005844573166,32.830073268958685,32.83006466764719,6.2219155338993914e-06,32.83006546077918
1.6936333333333333,32.64121696534363,32.6412315173239,32.641223020035476,6.054691844781246e-06,32.64122383423433
1.705,32.45358765516101,32.45360194390886,32.453593555458575,5.90029756608601e-06,32.45359438484281
1.7163666666666668,32.26714363772063,32.26715767066196,32.26714939465066,5.756930029576779e-06,32.26715023434441
1.7277333333333333,32.08185853262846,32.08187231667968,32.08186415570651,5.6230780529631375e-06,32.081865001671545
1.7391,31.89770644288647,31.89771998452065,31.897711940359258,5.497472788107416e-06,31.897712789255458
1.7504666666666668,31.714661941452743,31.714675246754858,31.71466732049968,5.379046935871656e-06,31.714668169569087
1.7618333333333334,31.532700058033377,31.532713132746753,31.532705324934415,5.2669010379702286e-06,31.53270617190485
1.7732,31.35179626610408,31.351809115669376,31.351801426379716,5.160275634352729e-06,31.351802269384393
1.7845666666666669,31.171926470158997,31.17193909974708,31.17193152868702,5.058528021351094e-06,31.171932366197698
1.7959333333333334,30.993066993183543,30.99307940772329,30.993071954296617,4.961113074131163e-06,30.993072785067813
1.8073000000000001,30.815194564347802,30.815206768549594,30.81519943191509,4.86756728790283e-06,30.815200254937494
1.8186666666666667,30.63828630691644,30.638298305292214,30.63829108441193,4.777495487218175e-06,30.638291898873526
1.8300333333333334,30.46231972637087,30.462331523251137,30.46232441693065,4.6905597805846355e-06,30.462325222184212
1.8414000000000001,30.28727269873888,30.28728429828736,30.28727730520924,4.606470358936576e-06,30.28727810074516
1.8527666666666667,30.113123459126896,30.11313486535302,30.11312798410469,4.524977793352036e-06,30.113128769528203
1.8641333333333334,29.93985059044946,29.939861807219202,29.939855036316118,4.445866657931674e-06,29.93985581132826
1.8755000000000002,29.76743301235055,29.767444043395717,29.767437381300702,4.368950150990258e-06,29.76743814568232
1.8868666666666667,29.59584997031086,29.595860819237323,29.5958542643765,4.294065639953715e-06,29.59585501797489
1.8982333333333334,29.42508102493526,29.425091695229966,29.425085246006113,4.221070852850062e-06,29.42508598872378
1.9096000000000002,29.255106041414066,29.25511653645131,29.255110191254865,4.149840798106652e-06,29.255110923040082
1.9209666666666667,29.08590517915198,29.0859155021989,29.085909259417114,4.080265135542049e-06,29.085909980255998
1.9323333333333335,28.917458881558105,28.917469035779547,28.917462893804025,4.012245920392843e-06,28.91746360371389
1.9437000000000002,28.749747865990436,28.74975785445328,28.74975181168619,3.94569575234982e-06,28.749752510709968
1.9550666666666667,28.582753113848,28.582762939525026,28.582756994384205,3.880536205258522e-06,28.582757682585743
1.9664333333333335,28.41645586080365,28.416465526577067,28.416459677500217,3.816696565905886e-06,28.41646035496031
1.9778,28.250837587170587,28.250847095835127,28.2508413412832,3.7541126118867396e-06,28.250842008096303
1.9891666666666667,28.085880008395193,28.08588936266099,28.085883701120963,3.692725769610661e-06,28.08588435739238
2.0005333333333333,27.92156506566902,27.92157426816418,27.92156869815127,3.632482247439839e-06,27.921569343994822
2.0119000000000002,27.757874916652355,27.75788396992535,27.757878489984762,3.5733324068587535e-06,27.75787912552082
2.0232666666666668,27.594791926301728,27.59480083282359,27.594795441531947,3.5152302189089824e-06,27.594796066885753
2.0346333333333333,27.432298657793684,27.43230741995996,27.43230211592638,3.458132695755012e-06,27.432302731226674
2.0460000000000003,27.27037786353691,27.270386483669544,27.27038126553642,3.401999510543874e-06,27.270381870914292
2.057366666666667,27.109012476264606,27.109020956613616,27.10901582305728,3.346792674108201e-06,27.10901641864517
2.0687333333333333,26.94818560019899,26.948193942944055,26.94818889267519,3.292476201011141e-06,26.948189478606075
2.0801000000000003,26.787880502279542,26.78788870953149,26.78788374129543,3.2390158892781074e-06,26.787884317702154
2.091466666666667,26.628080603446378,26.62808867724852,26.628083789825425,3.1863790468378284e-06,26.628084356840105
2.1028333333333333,26.46876946997018,26.468777412299563,26.468772604504498,3.1345343174393747e-06,26.468773162258078
2.1142000000000003,26.30993080481959,26.309938617588138,26.30993388827109,3.083451499463763e-06,26.309934436892938
2.125566666666667,26.151548439056995,26.15155612411266,26.151551472158452,3.0331014571061132e-06,26.151552011776033
2.1369333333333334,25.99360632325334,25.99361388238102,25.993609306709267,2.9834559285291107e-06,25.993609837447877
2.1483000000000003,25.83608851891226,25.836095953834757,25.83609145339973,2.9344874725723002e-06,25.83609197538225
2.159666666666667,25.678979189893717,25.67898650227255,25.678982076063022,2.8861693053272575e-06,25.67898258940976
2.1710333333333334,25.522262593826845,25.522269785263056,25.522265432302074,2.838475229083315e-06,25.52226593713066
2.1824000000000003,25.365923073501538,25.365930145536296,25.365925864881103,2.791379564826002e-06,25.36592636130631
2.193766666666667,25.209945048227837,25.209952002343165,25.209947793084947,2.7448571096044816e-06,25.209948281218647
2.2051333333333334,25.054313005152032,25.054319842771285,25.054315704035094,2.698883061924562e-06,25.054316183986135
2.2165,24.899011490517598,24.89901821300598,24.899014143950517,2.65343291872e-06,24.8990146158247
2.227866666666667,24.744025100859048,24.744031709524002,24.744027709341474,2.608482425614511e-06,24.744028173241507
2.2392333333333334,24.589338474116033,24.589344970207566,24.589341038123585,2.5640075520527716e-06,24.589341494149057
2.2506,24.43493628065468,24.43494266536564,24.434938800639124,2.519984445115142e-06,24.43493924888648
2.261966666666667,24.280803214182395,24.280809488648686,24.2808056905718,2.476389404648671e-06,24.28080613113429
2.2733333333333334,24.126923982542053,24.12693014784276,24.126926415740837,2.433198783791113e-06,24.12692684870855
2.2847,23.973283298370497,23.973289355527907,23.97328568875946,2.3903889641019305e-06,23.973286114219285
2.296066666666667,23.819865869605813,23.819871819585394,23.81986821754213,2.3479363164824463e-06,23.81986863557778
2.3074333333333334,23.666656389826954,23.666662233537252,23.666658695644127,2.305817172754132e-06,23.666659106336112
2.3188,23.51363952840852,23.513645266700983,23.513641792416244,2.2640077261826264e-06,23.513642195841914
2.330166666666667,23.36079992047251,23.36080555414118,23.36080214295657,2.2224840598994433e-06,23.360802539190082
2.3415333333333335,23.20812215661798,23.208127686399163,23.208124337840054,2.1812220758476997e-06,23.208124726952395
2.3529,23.055590772408404,23.055596198980208,23.055592912605857,2.1401974521495504e-06,23.05559329466482
2.364266666666667,22.90319023759541,22.903195561577228,22.903192336981,2.0993855898154834e-06,22.90319271205121
2.3756333333333335,22.75090494505638,22.750910167008207,22.75090700381794,2.0587615594536146e-06,22.750907371960842
2.387,22.598719199421843,22.59872431984357,22.598721217721902,2.0183000586371236e-06,22.59872157899577
2.398366666666667,22.44661720536743,22.446622224697947,22.446619183342804,1.977975372824403e-06,22.446619537802725
2.4097333333333335,22.294583055543264,22.294587974159548,22.294584993304582,1.9377613185156406e-06,22.294585341002463
2.4211,22.14260071811212,22.142605536328144,22.142602615743332,1.8976312112783944e-06,22.142602956727863
2.432466666666667,21.990654023865762,21.990658741931252,21.990655881423553,1.8575577911406072e-06,21.990656215740188
2.4438333333333335,21.83872665288667,21.83873127098582,21.83872847039979,1.8175131195619088e-06,21.83872879809076
2.4552,21.686802120720483,21.68680663897043,21.686803898189027,1.7774685439064797e-06,21.68680421929331
2.466566666666667,21.53486376402155,21.53486818247078,21.53486550141623,1.7373946796794826e-06,21.534865815969518
2.4779333333333335,21.38289472563195,21.382899044258494,21.38289642289325,1.6972613003929382e-06,21.382896730927897
2.4893,21.230877939050842,21.230882157760348,21.230879596088094,1.6570372523005972e-06,21.230879897633095
2.5006666666666666,21.078796112248327,21.078800230871927,21.078797728938714,1.61669038689638e-06,21.078798024019655
2.5120333333333336,20.92663171077439,20.926635729066376,20.92663328696189,1.5761875005182446e-06,20.92663357560088
2.5234,20.774366940109623,20.774370857744955,20.774368475603865,1.5354942419776307e-06,20.77436875781948
2.5347666666666666,20.62198372720062,20.62198754377216,20.621985221775603,1.4945749811090536e-06,20.62198549758279
2.5461333333333336,20.469463701118123,20.46946741613373,20.469465154510857,1.453392734163117e-06,20.4694654239209
2.5575,20.31678817277126,20.316791785650512,20.316789584680347,1.411909085646812e-06,20.316789847700708
2.5688666666666666,20.16393811360591,20.16394162367669,20.16393948368991,1.3700840000296921e-06,20.163939740324167
2.5802333333333336,20.01089413320891,20.010897539703613,20.010895461084687,1.3278757755585957e-06,20.010895711332402
2.5916,19.85763645573384,19.85763975778534,19.857637740974763,1.2852409234653805e-06,19.857637984831314
2.6029666666666667,19.704144895056505,19.704148091693718,19.70414613719047,1.2421339654622443e-06,19.704146374646896
2.6143333333333336,19.550398828560596,19.550401918703812,19.550400027067962,1.1985073662401646e-06,19.550400258110788
2.6257,19.396377169445252,19.396380151900924,19.396378323756537,1.1543112847789416e-06,19.39637854836757
2.6370666666666667,19.242058337436525,19.242061210891784,19.242059446930035,1.1094935103983516e-06,19.242059665086114
2.6484333333333336,19.08742022777438,19.08742299079105,19.087421291773587,1.0639992069627624e-06,19.087421503446336
2.6598,18.93244017833483,18.932442829342918,18.9324411961056,1.0177707707725858e-06,18.932441401261116
2.6711666666666667,18.777094934733995,18.777097472024728,18.77709590548166,9.707476635867351e-07,18.777096104080126
2.6825333333333337,18.621360613246406,18.621363034964695,18.621361536112513,9.228661070892485e-07,18.62136172810787
2.6939,18.465212661353654,18.4652149654899,18.465213535412595,8.74058940780742e-07,18.465213720752047
2.7052666666666667,18.308625815721882,18.308628000103123,18.30862663997724,8.24255359077597e-07,18.30862681860075
2.7166333333333337,18.15157405738657,18.151576119666938,18.15157483076719,7.733806199894389e-07,18.151575002606897
2.728,17.994030563900857,17.994032501551214,17.994031285256654,7.213557964291795e-07,17.99403145023624
2.7393666666666667,17.835967658178937,17.835969468475653,17.83596832627645,6.680975133122047e-07,17.835968484310346
2.7507333333333337,17.677356753738188,17.67735843375099,17.6773573672558,6.135176136012888e-07,17.677357518248325
2.7621,17.51816829601263,17.518169842591405,17.518168853535467,5.575228385623632e-07,17.518168997379835
2.7734666666666667,17.358371699375244,17.358373109135734,17.358372199389745,5.000145009148582e-07,17.35837233596691
2.7848333333333333,17.197935279467472,17.19793654877575,17.19793572035558,4.40888108244053e-07,17.197935849532932
2.7962000000000002,17.03682618038968,17.036827305345266,17.036826560422675,3.800329935188529e-07,17.036826682052542
2.8075666666666668,16.875010296256384,16.875011272673895,16.875010613588287,3.1733190297700276e-07,16.875010727506186
2.8189333333333333,16.71245218656336,16.712453009952554,16.71245243922398,2.52660619537437e-07,16.71245254524663
2.8303000000000003,16.54911498474949,16.549115650293516,16.549115170636952,1.8588746186765093e-07,16.549115268559987
2.841666666666667,16.384960299263092,16.38496080179477,16.384960416135996,1.1687290424333696e-07,16.384960505731286
2.8530333333333333,16.21994810635954,16.219948440335585,16.219948151828632,4.546909337932448e-08,16.21994823284125
2.8644000000000003,16.05403663376201,16.054036793234815,16.054036605281404,-2.8480606317771162e-08,16.054036677426076
2.875766666666667,15.887182234208836,15.887182212795658,15.887182129066737,-1.0514209947132258e-07,15.887182192023744
2.8871333333333333,15.719339247786536,15.71933903863582,15.719339063095523,-1.8469101270568444e-07,15.719339116505958
2.8985000000000003,15.550459851804785,15.550459447559376,15.550459584491659,-2.673131263009054e-07,15.55045962795194
2.909866666666667,15.380493896805081,15.380493289561844,15.380493543600231,-3.5320485025636117e-07,15.380493576655718
2.9212333333333333,15.209388727104637,15.209387908370257,15.209388284531029,-4.425736079838316e-07,15.20938830666864
2.9326000000000003,15.037088984056933,15.037087944699454,15.037088448418759,-5.356381738153004e-07,15.037088459058381
2.943966666666667,14.863536389954652,14.863535120150232,14.863535757325709,-6.326289430091947e-07,14.863535755810197
2.9553333333333334,14.688669510202732,14.688667999377222,14.68866877641464,-7.337880916225004e-07,14.688668761998196
2.9667000000000003,14.512423491041181,14.512421727805865,14.51242265167157,-8.393696102615422e-07,14.512422623506206
2.978066666666667,14.334729769689158,14.334727741770092,14.33472882004998,-9.496391779606483e-07,14.334728777169744
2.9894333333333334,14.15551575330181,14.155513447462067,14.155514688428063,-1.0648737465146496e-06,14.155514629730646
3.0008000000000004,13.974704462564826,13.974701864518881,13.97470327720395,-1.1853608761214218e-06,13.974703201429218
3.012166666666667,13.792214135080396,13.792211229399872,13.792212823682748,-1.3113976482515e-06,13.792212729387671
3.0235333333333334,13.607957782900371,13.607954552910243,13.607956339611217,-1.4432891539684078e-06,13.607956225140612
3.0349000000000004,13.421842697609526,13.421839125273777,13.421841116263227,-1.5813462983516047e-06,13.421840979715512
3.046266666666667,13.233769895219773,13.233765961015633,13.233768169336901,-1.7258828712840568e-06,13.233768008524104
3.0576333333333334,13.043633491761085,13.043629174540662,13.043631614549419,-1.8772116661125438e-06,13.043631426950387
3.069,12.851319998791435,12.851315275629885,12.851317963152134,-2.035639301567471e-06,12.851317745857816
3.080366666666667,12.65670752602689,12.65670237205595,12.656705324567262,-2.2014596279262832e-06,12.656705074216699
3.0917333333333334,12.459664875823453,12.459659264049707,12.459662500878323,-2.3749451294463597e-06,12.459662213583828
3.1031,12.260050511210366,12.260044412317555,12.260047954874329,-2.5563360370739474e-06,12.260047626134083
3.114466666666667,12.057711375429664,12.057704757565045,12.057708629603248,-2.745826416017394e-06,12.05770825419932
3.1258333333333335,11.852481536285204,11.852474364830606,11.852478592738647,-2.943546556721799e-06,11.852478164618152
3.1372,11.644180622789092,11.644172860118758,11.64417747324839,-3.1495407011306042e-06,11.644176985385414
3.148566666666667,11.432612014275467,11.432603619504393,11.432608650536444,-3.36373902243281e-06,11.432608094772101
3.1599333333333335,11.2175607328771,11.217551661606901,11.217557146954825,-3.5859222755618703e-06,11.21755651381294
3.1713,10.998790978417658,10.9987811824912,10.998787162740198,-3.815677459328981e-06,10.998786441216353
3.182666666666667,10.776043229528916,10.776032656811996,10.776039177186881,-4.05234203526561e-06,10.776038354509263
3.1940333333333335,10.549030815012712,10.549019409231427,10.549026520078751,-4.294933960480307e-06,10.549025581440963
3.2054,10.317435833539388,10.317423534217673,10.317431291475529,-4.5420638592474916e-06,10.317430219744196
3.216766666666667,10.08090426546876,10.080891008034921,10.080899473643818,-4.791824942174117e-06,10.080898249049167
3.2281333333333335,9.839040074705451,9.83902579087377,9.839035033050454,-5.041654997484102e-06,9.839033632876557
3.2395,9.591398036452663,9.591382655044043,9.591392748288971,-5.28816369183005e-06,9.591391146595225
3.250866666666667,9.337474941758982,9.337458390214934,9.337469414842143,-5.5269168388605294e-06,9.33746758227202
3.2622333333333335,9.076698711819425,9.076680918806145,9.076692959651647,-5.752167778538819e-06,9.076690863425739
3.2736,8.808414788887086,8.808395688613402,8.808408832362455,-5.9565246317561105e-06,8.808406436620979
3.284966666666667,8.53186893291034,8.531848472148678,8.531862802368675,-6.130541665427813e-06,8.531860069142564
3.2963333333333336,8.246185206668375,8.24616335606256,8.246178944443928,-6.262224447439735e-06,8.246175835724955
3.3077,7.950337417662931,7.950314189883142,7.950331081218524,-6.336444407395447e-06,7.950327562921531
3.319066666666667,7.643111503871142,7.643086982790592,7.643105169596975,-6.334274167407727e-06,7.6431012187529035
3.3304333333333336,7.323055135259058,7.323029522993392,7.32304890296856,-6.232290497898418e-06,7.323044520407003
3.3418,6.988408859879585,6.988382552862502,6.988402857912722,-6.0019668630673095e-06,6.988398090218269
3.3531666666666666,6.637009917882279,6.636983629801438,6.6370043084505745,-5.609431704023393e-06,6.636999285378097
3.3645333333333336,6.266154365471415,6.266129323323139,6.26614934929799,-5.016173425076431e-06,6.266144346030847
3.3759,5.872393378940436,5.872371620781113,5.872389197090525,-4.181849910800395e-06,5.872384732270691
3.3872666666666666,5.451221310207834,5.4512060643580345,5.451218238878086,-3.0713297478612844e-06,5.451215204481317
3.3986333333333336,4.9965767188579875,4.99657246495795,4.996575049783352,-1.6690746358349884e-06,4.996574744533096
3.41,4.5,4.5,4.5,0.0,4.5
